<?xml version="1.0" encoding="UTF-8" standalone="yes"?>
<addons>
    <addon id="plugin.video.jiotv" name="JioTV" version="2.3.12" provider-name="kiranreddyrebel">
        <requires>
            <import addon="xbmc.python" version="3.0.0" />
            <import addon="script.module.codequick" version="1.0.2" />
            <import addon="script.module.inputstreamhelper" version="0.5.10" />
            <import addon="inputstream.adaptive" minversion="2.6.6" />
            <import addon="script.module.m3u8" version="0.5.4" />
            <import addon="script.module.requests" version="2.27.1" />
            <import addon="repository.kiranreddyrebel" version="2.0.1" />
        </requires>
        <extension point="xbmc.python.pluginsource" library="addon.py">
            <provides>video</provides>
        </extension>
        <extension point="xbmc.service" library="service.py" />
        <extension point="xbmc.addon.metadata">
            <summary lang="en_GB">Stream Live Indian Channels From JioTV on Kodi</summary>
            <description lang="en_GB">Enjoy Live TV experience in Kodi.</description>
            <language>en</language>
            <platform>all</platform>
            <license>MIT</license>
	    <website>https://kiranreddyrebel.github.io</website>
            <email>kiranreddyrebel@gmail.com</email>
            <source>https://github.com/kiranreddyrebel/plugin.video.jiotv</source>
            <news>
		[- 2.3.12 -]
		[added] Fixed User-agent to LYF jio device. Thanks to Users in repo for reporting.
		[- 2.3.11 -]
		[added] Fixed type in adaptive headers-reverted-back-to-old-one

		[- 2.3.10 -]
		[added] Fixed inputstream adaptive
                [- 2.3.9 -]
                [added] Revamped settings.xml and added strings.po

                [- 2.3.8 -]
                [added] support to play mpd streams

                [- 2.3.7 -]
                [added] fix for runtime error in channel list

                [- 2.3.6 -]
                [added] language filter

                [- 2.3.5 -]
                [added] handle playback exceptions
                [added] remove unused code
                [added] save mobile no automatically on login
                [added] added request dependency for lower version
                [added] revert inputstreamhelper dependency version

                [- 2.3.4 -]
                [added] AAC multi-audio fix (3rd Jun 2023)
                [added] Genres selection in Settings with Languages
                [added] EPG Source URL editable in Settings
                [added] Settings sections rearranged, removed 'Welcome-donate' popup.

                [- 2.3.3 -]
                [added] updated epg url
                [added] set epg cache to false
                [added] updset useInputstreamAdaptiveforHls to true

                [- 2.3.2 -]
                [added] generate playlist is off by default

                [- 2.3.1 -]
                [added] caching of reponses

                [- 2.3.0 -]
                [added] more extra channels
                [added] inputstream adaptive as a dependency

                [- 2.2.0 -]
                [fixed] Bugs related to playback
                [added] Login with OTP

                [- 2.1.0 -]

                [added] Kodi Matrix support
                [added] Star channels support

                [- 2.0.14 -]

                [added] Featured Content

                [- 2.0.13 -]

                [added] Web login

                [- 2.0.0 -]

                [fixed] All major issues related to playback almost solved
                [added] Categorized by Language
                [added] Filter channels by specific language in genre. (from settings)
            </news>
            <disclaimer>This plugin is not officially commissioned/supported by Jio. The trademark
                "Jio" is registered by "Reliance Corporate IT Park Limited (RCITPL)"</disclaimer>
            <assets>
                <icon>resources/icon.png</icon>
                <fanart>resources/fanart.png</fanart>
                <screenshot>resources/icon.png</screenshot>
                <screenshot>resources/icon.png</screenshot>
                <screenshot>resources/icon.png</screenshot>
            </assets>
            <reuselanguageinvoker>true</reuselanguageinvoker>
        </extension>
    </addon>
    <addon id="repository.kiranreddyrebel" name="kiranreddyrebel Addon Repository" version="2.0.1"
        provider-name="kiranreddyrebel">
        <extension point="xbmc.addon.repository" name="kiranreddyrebel Addons Repository">
            <dir minversion="19.0">
                <info compressed="false">https://kiranreddyrebel.github.io/addons.xml</info>
                <checksum>https://kiranreddyrebel.github.io/addons.xml.md5</checksum>
                <datadir zip="true">https://kiranreddyrebel.github.io/Zips</datadir>
            </dir>
        </extension>
        <extension point="xbmc.addon.metadata">
            <summary>kiranreddyrebel Repository for Kodi</summary>
            <description>A Repository for Streaming Add-ons of Indian OTT Providers</description>
            <platform>all</platform>
            <assets>
                <icon>icon.png</icon>
                <fanart>fanart.jpg</fanart>
                <clearlogo>icon.png</clearlogo>
            </assets>
        </extension>
    </addon>
</addons>